{"Hartlepool": [54.67614, -1.27018], "Middlesbrough": [54.54467, -1.21099], "Redcar and Cleveland": [54.56752, -1.00608], "Stockton-on-Tees": [54.55691, -1.30664], "Darlington": [54.53534, -1.56835], "Halton": [53.33424, -2.68853], "Warrington": [53.39163, -2.56167], "Blackburn with Darwen": [53.7008, -2.4636], "Blackpool": [53.82164, -3.02199], "Kingston upon Hull, City of": [53.7692, -0.30382], "East Riding of Yorkshire": [53.88112, -0.66195], "North East Lincolnshire": [53.52327, -0.13911], "North Lincolnshire": [53.58643, -0.52407], "York": [53.96582, -1.07375], "Derby": [52.91464, -1.47189], "Leicester": [52.63592, -1.1304], "Rutland": [52.66765, -0.6263], "Nottingham": [52.95419, -1.16667], "Herefordshire, County of": [52.08154, -2.73931], "Telford and Wrekin": [52.71417, -2.48941], "Stoke-on-Trent": [53.01707, -2.15888], "Bath and North East Somerset": [51.35604, -2.48654], "Bristol, City of": [51.47115, -2.57742], "North Somerset": [51.39707, -2.75439], "South Gloucestershire": [51.54673, -2.46922], "Plymouth": [50.40494, -4.11297], "Torbay": [50.47092, -3.55523], "Swindon": [51.57763, -1.73367], "Peterborough": [52.59214, -0.26874], "Luton": [51.89102, -0.42319], "Southend-on-Sea": [51.54917, 0.706923], "Thurrock": [51.50998, 0.334861], "Medway": [51.44772, 0.563174], "Bracknell Forest": [51.4113, -0.73363], "West Berkshire": [51.44559, -1.27364], "Reading": [51.45302, -0.99071], "Slough": [51.5035, -0.57617], "Windsor and Maidenhead": [51.48034, -0.67541], "Wokingham": [51.42296, -0.89935], "Milton Keynes": [52.07241, -0.7407], "Brighton and Hove": [50.8465, -0.15079], "Portsmouth": [50.808, -1.07006], "Southampton": [50.9212, -1.39952], "Isle of Wight": [50.67129, -1.33366], "County Durham": [54.68513, -1.8405], "Cheshire East": [53.16793, -2.29299], "Cheshire West and Chester": [53.16336, -2.70298], "Shropshire": [52.62212, -2.73667], "Cornwall": [50.45022, -4.64254], "Isles of Scilly": [49.92332, -6.30217], "Wiltshire": [51.32883, -1.92661], "Bedford": [52.19628, -0.45463], "Central Bedfordshire": [51.99903, -0.47754], "Northumberland": [55.30037, -2.07523], "Bournemouth, Christchurch and Poole": [50.74609, -1.84807], "Dorset": [50.79697, -2.41467], "Aylesbury Vale": [51.90037, -0.87746], "Chiltern": [51.6789, -0.62112], "South Bucks": [51.55944, -0.58484], "Wycombe": [51.6662, -0.80883], "Cambridge": [52.20017, 0.126436], "East Cambridgeshire": [52.35788, 0.283149], "Fenland": [52.53544, 0.009016], "Huntingdonshire": [52.35315, -0.2247], "South Cambridgeshire": [52.10805, 0.091017], "Allerdale": [54.68524, -3.2809], "Barrow-in-Furness": [54.15731, -3.1999], "Carlisle": [54.97833, -2.80498], "Copeland": [54.46617, -3.37664], "Eden": [54.63107, -2.62678], "South Lakeland": [54.29908, -2.78108], "Amber Valley": [53.02884, -1.46219], "Bolsover": [53.23875, -1.27228], "Chesterfield": [53.25575, -1.40115], "Derbyshire Dales": [53.12326, -1.70711], "Erewash": [52.9382, -1.3509], "High Peak": [53.38569, -1.84398], "North East Derbyshire": [53.16243, -1.44253], "South Derbyshire": [52.8249, -1.5348], "East Devon": [50.7576, -3.22359], "Exeter": [50.71782, -3.51368], "Mid Devon": [50.86882, -3.59212], "North Devon": [51.07621, -3.92691], "South Hams": [50.37195, -3.81996], "Teignbridge": [50.60981, -3.65289], "Torridge": [50.90739, -4.21728], "West Devon": [50.66489, -4.03361], "Eastbourne": [50.77387, 0.258516], "Hastings": [50.86724, 0.578395], "Lewes": [50.83341, 0.007671], "Rother": [50.94871, 0.542937], "Wealden": [50.93322, 0.205156], "Basildon": [51.59036, 0.475055], "Braintree": [51.91634, 0.575911], "Brentwood": [51.64108, 0.290091], "Castle Point": [51.56159, 0.588084], "Chelmsford": [51.73503, 0.491177], "Colchester": [51.87702, 0.859777], "Epping Forest": [51.71279, 0.154147], "Harlow": [51.76614, 0.103888], "Maldon": [51.77458, 0.773106], "Rochford": [51.5909, 0.683442], "Tendring": [51.85674, 1.108981], "Uttlesford": [51.93592, 0.294485], "Cheltenham": [51.89861, -2.07515], "Cotswold": [51.77255, -1.97059], "Forest of Dean": [51.81249, -2.47755], "Gloucester": [51.84641, -2.23263], "Stroud": [51.72001, -2.30818], "Tewkesbury": [51.93485, -2.19998], "Basingstoke and Deane": [51.25937, -1.22021], "East Hampshire": [51.05765, -0.93971], "Eastleigh": [50.94872, -1.32943], "Fareham": [50.85388, -1.23742], "Gosport": [50.80636, -1.16731], "Hart": [51.28197, -0.88321], "Havant": [50.87231, -1.00398], "New Forest": [50.85748, -1.59293], "Rushmoor": [51.27815, -0.76807], "Test Valley": [51.13417, -1.50214], "Winchester": [51.03002, -1.24393], "Broxbourne": [51.7208, -0.05073], "Dacorum": [51.76845, -0.55098], "Hertsmere": [51.68017, -0.26899], "North Hertfordshire": [51.95738, -0.22314], "Three Rivers": [51.65632, -0.45005], "Watford": [51.6717, -0.40429], "Ashford": [51.13096, 0.823374], "Canterbury": [51.28102, 1.096342], "Dartford": [51.43373, 0.245276], "Dover": [51.21176, 1.276887], "Gravesham": [51.39649, 0.398744], "Maidstone": [51.23566, 0.584061], "Sevenoaks": [51.27563, 0.188936], "Folkestone and Hythe": [51.07213, 1.000795], "Swale": [51.32251, 0.776893], "Thanet": [51.35252, 1.328226], "Tonbridge and Malling": [51.26064, 0.349306], "Tunbridge Wells": [51.10254, 0.471632], "Burnley": [53.77406, -2.2308], "Chorley": [53.6724, -2.61921], "Fylde": [53.79709, -2.91914], "Hyndburn": [53.75648, -2.38964], "Lancaster": [54.07901, -2.6603], "Pendle": [53.88636, -2.18957], "Preston": [53.82202, -2.71809], "Ribble Valley": [53.9245, -2.4174], "Rossendale": [53.68478, -2.26149], "South Ribble": [53.72675, -2.72871], "West Lancashire": [53.61283, -2.86893], "Wyre": [53.89991, -2.80359], "Blaby": [52.57706, -1.19887], "Charnwood": [52.7399, -1.13694], "Harborough": [52.53766, -0.90229], "Hinckley and Bosworth": [52.60877, -1.41755], "Melton": [52.80329, -0.8544], "North West Leicestershire": [52.7425, -1.42209], "Oadby and Wigston": [52.58875, -1.093], "Boston": [52.97794, -0.11218], "East Lindsey": [53.26446, 0.020516], "Lincoln": [53.21921, -0.55848], "North Kesteven": [53.08058, -0.4767], "South Holland": [52.78758, -0.03058], "South Kesteven": [52.84885, -0.49565], "West Lindsey": [53.40044, -0.50774], "Breckland": [52.59421, 0.818716], "Broadland": [52.69622, 1.252317], "Great Yarmouth": [52.68439, 1.64951], "King's Lynn and West Norfolk": [52.71283, 0.533243], "North Norfolk": [52.83389, 1.132099], "Norwich": [52.64013, 1.284979], "South Norfolk": [52.51218, 1.373233], "Corby": [52.50697, -0.7069], "Daventry": [52.30994, -1.01447], "East Northamptonshire": [52.47909, -0.5092], "Kettering": [52.43723, -0.76773], "Northampton": [52.23775, -0.88121], "South Northamptonshire": [52.11844, -1.08129], "Wellingborough": [52.29258, -0.71425], "Craven": [54.05376, -2.16168], "Hambleton": [54.30872, -1.34049], "Harrogate": [54.07708, -1.58161], "Richmondshire": [54.35761, -1.98552], "Ryedale": [54.20021, -0.84277], "Scarborough": [54.3465, -0.52778], "Selby": [53.73327, -1.12908], "Ashfield": [53.09747, -1.25422], "Bassetlaw": [53.35604, -0.9787], "Broxtowe": [52.9721, -1.25944], "Gedling": [53.02434, -1.11907], "Mansfield": [53.16703, -1.17804], "Newark and Sherwood": [53.1096, -0.94643], "Rushcliffe": [52.9124, -1.01097], "Cherwell": [51.8872, -1.28506], "Oxford": [51.75357, -1.24405], "South Oxfordshire": [51.62288, -1.07847], "Vale of White Horse": [51.65443, -1.48543], "West Oxfordshire": [51.8399, -1.50292], "Mendip": [51.19476, -2.54178], "Sedgemoor": [51.19186, -2.88246], "South Somerset": [50.98399, -2.77588], "Cannock Chase": [52.70166, -1.98277], "East Staffordshire": [52.83651, -1.81438], "Lichfield": [52.69615, -1.76049], "Newcastle-under-Lyme": [53.00345, -2.32631], "South Staffordshire": [52.69692, -2.15495], "Stafford": [52.84792, -2.16475], "Staffordshire Moorlands": [53.06924, -1.99334], "Tamworth": [52.62031, -1.68451], "Babergh": [52.0645, 0.916149], "Ipswich": [52.05592, 1.166145], "Mid Suffolk": [52.21859, 1.096953], "Elmbridge": [51.36098, -0.39441], "Epsom and Ewell": [51.33945, -0.26172],